{
    "Alpha": {
        "b": 0.2057131975889206,
        "g": 0.1989848017692566,
        "r": 0.7700453400611877
    },
    "Bravo": {
        "b": 0.41725945472717285,
        "g": 0.7000371813774109,
        "r": 0.7545010447502136
    },
    "Charlie": {
        "b": 0.40598899126052856,
        "g": 0.6426088213920593,
        "r": 0.2821122109889984
    },
    "Custom Ink Shader": 1,
    "Ink Type": 4,
    "Override Game Calc": false,
    "Use Custom Ink Shader": false,
    "Use Ink Type": true
}