{
    "Alpha": {
        "b": 0.6713855862617493,
        "g": 0.8351710438728333,
        "r": 0.2913209795951843
    },
    "Bravo": {
        "b": 0.8429621458053589,
        "g": 0.4758952856063843,
        "r": 0.7966704964637756
    },
    "Charlie": {
        "b": 0.13652066886425018,
        "g": 0.5706372261047363,
        "r": 0.8555628061294556
    },
    "Custom Ink Shader": 1,
    "Ink Type": 0,
    "Override Game Calc": false,
    "Use Custom Ink Shader": false,
    "Use Ink Type": true
}