{
    "Alpha": {
        "b": 0.5921568870544434,
        "g": 0.12549014389514923,
        "r": 0.15294170379638672
    },
    "Bravo": {
        "b": 0.7910768985748291,
        "g": 0.8237490057945251,
        "r": 0.6385962963104248
    },
    "Charlie": {
        "b": 0.1091260090470314,
        "g": 0.30313292145729065,
        "r": 0.8793529868125916
    },
    "Custom Ink Shader": 1,
    "Ink Type": 0,
    "Override Game Calc": false,
    "Use Custom Ink Shader": false,
    "Use Ink Type": true
}