{
    "Alpha": {
        "b": 0.19977685809135437,
        "g": 0.7416914701461792,
        "r": 0.6148684620857239
    },
    "Bravo": {
        "b": 0.4352937638759613,
        "g": 0.18823522329330444,
        "r": 0.7568626999855042
    },
    "Charlie": {
        "b": 0.3598434031009674,
        "g": 0.7595335245132446,
        "r": 0.9134149551391602
    },
    "Custom Ink Shader": 1,
    "Ink Type": 0,
    "Override Game Calc": false,
    "Use Custom Ink Shader": false,
    "Use Ink Type": true
}