{
    "Alpha": {
        "b": 0.8464453816413879,
        "g": 0.045481327921152115,
        "r": 0.529972493648529
    },
    "Bravo": {
        "b": 0.12552814185619354,
        "g": 0.21744953095912933,
        "r": 0.7751204967498779
    },
    "Charlie": {
        "b": 0.4620935916900635,
        "g": 0.718001663684845,
        "r": 0.07379397749900818
    },
    "Custom Ink Shader": 1,
    "Ink Type": 0,
    "Override Game Calc": false,
    "Use Custom Ink Shader": false,
    "Use Ink Type": true
}