{
    "Alpha": {
        "b": 0.08627442270517349,
        "g": 0.7529411911964417,
        "r": 0.2588234543800354
    },
    "Bravo": {
        "b": 0.8705881834030151,
        "g": 0.023529089987277985,
        "r": 0.18431490659713745
    },
    "Charlie": {
        "b": 0.7499327659606934,
        "g": 0.7243243455886841,
        "r": 0.12792886793613434
    },
    "Custom Ink Shader": 1,
    "Ink Type": 0,
    "Override Game Calc": false,
    "Use Custom Ink Shader": false,
    "Use Ink Type": true
}