{
    "Alpha": {
        "b": 0.1215684786438942,
        "g": 0.3019607365131378,
        "r": 0.8509804010391235
    },
    "Bravo": {
        "b": 0.09411761909723282,
        "g": 0.5921568870544434,
        "r": 0.3019607663154602
    },
    "Charlie": {
        "b": 0.7757386565208435,
        "g": 0.6184324026107788,
        "r": 0.11055026948451996
    },
    "Custom Ink Shader": 1,
    "Ink Type": 0,
    "Override Game Calc": false,
    "Use Custom Ink Shader": false,
    "Use Ink Type": true
}