{
    "Alpha": {
        "b": 0.5999998450279236,
        "g": 0.30980390310287476,
        "r": 0.8039215803146362
    },
    "Bravo": {
        "b": 0.4196077287197113,
        "g": 0.16862744092941284,
        "r": 0.7921569347381592
    },
    "Charlie": {
        "b": 0.7018765211105347,
        "g": 0.19630588591098785,
        "r": 0.38588401675224304
    },
    "Custom Ink Shader": 1,
    "Ink Type": 0,
    "Override Game Calc": false,
    "Use Custom Ink Shader": false,
    "Use Ink Type": true
}