{
    "Alpha": {
        "b": 0.12483391165733337,
        "g": 0.18013550341129303,
        "r": 0.8058885931968689
    },
    "Bravo": {
        "b": 0.12199441343545914,
        "g": 0.3272780478000641,
        "r": 0.8274033069610596
    },
    "Charlie": {
        "b": 0.5249482989311218,
        "g": 0.1090746745467186,
        "r": 0.8271464109420776
    },
    "Custom Ink Shader": 1,
    "Ink Type": 0,
    "Override Game Calc": false,
    "Use Custom Ink Shader": false,
    "Use Ink Type": true
}