{
    "Alpha": {
        "b": 0.16675259172916412,
        "g": 0.19391052424907684,
        "r": 0.7486079931259155
    },
    "Bravo": {
        "b": 0.5332064628601074,
        "g": 0.7344805598258972,
        "r": 0.7646787166595459
    },
    "Charlie": {
        "b": 0.06525822728872299,
        "g": 0.5917181372642517,
        "r": 0.13445597887039185
    },
    "Custom Ink Shader": 1,
    "Ink Type": 4,
    "Override Game Calc": false,
    "Use Custom Ink Shader": false,
    "Use Ink Type": true
}