{
    "Alpha": {
        "b": 0.027451295405626297,
        "g": 0.7058823704719543,
        "r": 0.12156879156827927
    },
    "Bravo": {
        "b": 0.024061566218733788,
        "g": 0.20821437239646912,
        "r": 0.850962221622467
    },
    "Charlie": {
        "b": 0.8381245136260986,
        "g": 0.11197388172149658,
        "r": 0.09163698554039001
    },
    "Custom Ink Shader": 1,
    "Ink Type": 0,
    "Override Game Calc": false,
    "Use Custom Ink Shader": false,
    "Use Ink Type": true
}