{
    "Alpha": {
        "b": 0.7852454781532288,
        "g": 0.7227025628089905,
        "r": 0.18023310601711273
    },
    "Bravo": {
        "b": 0.12722943723201752,
        "g": 0.19272761046886444,
        "r": 0.8323583006858826
    },
    "Charlie": {
        "b": 0.8129483461380005,
        "g": 0.10154572874307632,
        "r": 0.5570147037506104
    },
    "Custom Ink Shader": 1,
    "Ink Type": 6,
    "Override Game Calc": false,
    "Use Custom Ink Shader": false,
    "Use Ink Type": true
}