{
    "Alpha": {
        "b": 0.22435316443443298,
        "g": 0.6112826466560364,
        "r": 0.8395560383796692
    },
    "Bravo": {
        "b": 0.21290290355682373,
        "g": 0.26067015528678894,
        "r": 0.7969333529472351
    },
    "Charlie": {
        "b": 0.7585934996604919,
        "g": 0.0798640176653862,
        "r": 0.5480632781982422
    },
    "Custom Ink Shader": 1,
    "Ink Type": 0,
    "Override Game Calc": false,
    "Use Custom Ink Shader": false,
    "Use Ink Type": true
}