{
    "Alpha": {
        "b": 0.7033534646034241,
        "g": 0.25302523374557495,
        "r": 0.8375001549720764
    },
    "Bravo": {
        "b": 0.7566784620285034,
        "g": 0.12415391951799393,
        "r": 0.17172017693519592
    },
    "Charlie": {
        "b": 0.17797735333442688,
        "g": 0.1259046196937561,
        "r": 0.7683626413345337
    },
    "Custom Ink Shader": 1,
    "Ink Type": 0,
    "Override Game Calc": false,
    "Use Custom Ink Shader": false,
    "Use Ink Type": true
}