{
    "Alpha": {
        "b": 0.6480024456977844,
        "g": 0.13725940883159637,
        "r": 0.16731469333171844
    },
    "Bravo": {
        "b": 0.7319034337997437,
        "g": 0.775608479976654,
        "r": 0.5096138119697571
    },
    "Charlie": {
        "b": 0.10003942251205444,
        "g": 0.2785694897174835,
        "r": 0.808306872844696
    },
    "Custom Ink Shader": 1,
    "Ink Type": 0,
    "Override Game Calc": false,
    "Use Custom Ink Shader": false,
    "Use Ink Type": true
}