{
    "Alpha": {
        "b": 0.11764726787805557,
        "g": 0.33333340287208557,
        "r": 0.7686274647712708
    },
    "Bravo": {
        "b": 0.64705890417099,
        "g": 0.6784314513206482,
        "r": 0.19215689599514008
    },
    "Charlie": {
        "b": 0.6848798394203186,
        "g": 0.2113940715789795,
        "r": 0.7689118385314941
    },
    "Custom Ink Shader": 1,
    "Ink Type": 0,
    "Override Game Calc": false,
    "Use Custom Ink Shader": false,
    "Use Ink Type": true
}