{
    "Alpha": {
        "b": 0.2175668627023697,
        "g": 0.6039702892303467,
        "r": 0.8304574489593506
    },
    "Bravo": {
        "b": 0.1411171853542328,
        "g": 0.22021423280239105,
        "r": 0.8509390354156494
    },
    "Charlie": {
        "b": 0.7843137383460999,
        "g": 0.15686270594596863,
        "r": 0.5725491642951965
    },
    "Custom Ink Shader": 1,
    "Ink Type": 6,
    "Override Game Calc": false,
    "Use Custom Ink Shader": false,
    "Use Ink Type": true
}