{
    "Alpha": {
        "b": 0.131696879863739,
        "g": 0.3434399962425232,
        "r": 0.6909237504005432
    },
    "Bravo": {
        "b": 0.729411780834198,
        "g": 0.6078430414199829,
        "r": 0.10196072608232498
    },
    "Charlie": {
        "b": 0.5012455582618713,
        "g": 0.23932917416095734,
        "r": 0.7995857000350952
    },
    "Custom Ink Shader": 1,
    "Ink Type": 0,
    "Override Game Calc": false,
    "Use Custom Ink Shader": false,
    "Use Ink Type": true
}