{
    "Alpha": {
        "b": 0.1550888866186142,
        "g": 0.6089754104614258,
        "r": 0.8465470671653748
    },
    "Bravo": {
        "b": 0.7731187343597412,
        "g": 0.6594028472900391,
        "r": 0.1261584460735321
    },
    "Charlie": {
        "b": 0.8186478018760681,
        "g": 0.22631749510765076,
        "r": 0.2576529383659363
    },
    "Custom Ink Shader": 1,
    "Ink Type": 5,
    "Override Game Calc": false,
    "Use Custom Ink Shader": false,
    "Use Ink Type": true
}