{
    "Alpha": {
        "b": 0.8409059047698975,
        "g": 0.13113246858119965,
        "r": 0.12780936062335968
    },
    "Bravo": {
        "b": 0.16852183640003204,
        "g": 0.2581287920475006,
        "r": 0.8446441888809204
    },
    "Charlie": {
        "b": 0.37299007177352905,
        "g": 0.8037371635437012,
        "r": 0.1300291121006012
    },
    "Custom Ink Shader": 1,
    "Ink Type": 0,
    "Override Game Calc": false,
    "Use Custom Ink Shader": false,
    "Use Ink Type": true
}