{
    "Alpha": {
        "b": 0.161940336227417,
        "g": 0.161940336227417,
        "r": 0.762570321559906
    },
    "Bravo": {
        "b": 0.04232602193951607,
        "g": 0.5680845975875854,
        "r": 0.848675012588501
    },
    "Charlie": {
        "b": 0.7546983361244202,
        "g": 0.5440202355384827,
        "r": 0.23512354493141174
    },
    "Custom Ink Shader": 1,
    "Ink Type": 0,
    "Override Game Calc": false,
    "Use Custom Ink Shader": false,
    "Use Ink Type": true
}