{
    "Alpha": {
        "b": 0.1960800439119339,
        "g": 0.5607799887657166,
        "r": 0.06666980683803558
    },
    "Bravo": {
        "b": 0.6000000238418579,
        "g": 0.19216002523899078,
        "r": 0.4745100736618042
    },
    "Charlie": {
        "b": 0.16863001883029938,
        "g": 0.28235000371932983,
        "r": 0.6313700079917908
    },
    "Custom Ink Shader": 1,
    "Ink Type": 0,
    "Override Game Calc": false,
    "Use Custom Ink Shader": false,
    "Use Ink Type": true
}