{
    "Alpha": {
        "b": 0.501960813999176,
        "g": 0.5882353186607361,
        "r": 0.003916825633496046
    },
    "Bravo": {
        "b": 0.5960784554481506,
        "g": 0.18823517858982086,
        "r": 0.13725492358207703
    },
    "Charlie": {
        "b": 0.02745060622692108,
        "g": 0.16078424453735352,
        "r": 0.6039215922355652
    },
    "Custom Ink Shader": 1,
    "Ink Type": 0,
    "Override Game Calc": false,
    "Use Custom Ink Shader": false,
    "Use Ink Type": true
}