{
    "Alpha": {
        "b": 0.7098038792610168,
        "g": 0.20392164587974548,
        "r": 0.21960778534412384
    },
    "Bravo": {
        "b": 0.20784305036067963,
        "g": 0.7607843279838562,
        "r": 0.8117647171020508
    },
    "Charlie": {
        "b": 0.20000001788139343,
        "g": 0.24313728511333466,
        "r": 0.7411764860153198
    },
    "Custom Ink Shader": 1,
    "Ink Type": 0,
    "Override Game Calc": false,
    "Use Custom Ink Shader": false,
    "Use Ink Type": true
}