{
    "Alpha": {
        "b": 0.4392157196998596,
        "g": 0.6549020409584045,
        "r": 0.8000000715255737
    },
    "Bravo": {
        "b": 0.4588233530521393,
        "g": 0.4274509847164154,
        "r": 0.7372549176216125
    },
    "Charlie": {
        "b": 0.6196078658103943,
        "g": 0.7607843279838562,
        "r": 0.1647058129310608
    },
    "Custom Ink Shader": 1,
    "Ink Type": 0,
    "Override Game Calc": false,
    "Use Custom Ink Shader": false,
    "Use Ink Type": true
}