{
    "Alpha": {
        "b": 0.06274507194757462,
        "g": 0.18823525309562683,
        "r": 0.6941176652908325
    },
    "Bravo": {
        "b": 0.4941176474094391,
        "g": 0.772549033164978,
        "r": 0.8274509906768799
    },
    "Charlie": {
        "b": 0.1568627506494522,
        "g": 0.5450981259346008,
        "r": 0.23921577632427216
    },
    "Custom Ink Shader": 1,
    "Ink Type": 0,
    "Override Game Calc": false,
    "Use Custom Ink Shader": false,
    "Use Ink Type": true
}