{
    "Alpha": {
        "b": 0.9725490212440491,
        "g": 0.09803911298513412,
        "r": 0.5411764979362488
    },
    "Bravo": {
        "b": 0.09411792457103729,
        "g": 0.44313734769821167,
        "r": 0.7490196228027344
    },
    "Charlie": {
        "b": 0.3686276078224182,
        "g": 0.7529411911964417,
        "r": 0.16078421473503113
    },
    "Custom Ink Shader": 1,
    "Ink Type": 0,
    "Override Game Calc": false,
    "Use Custom Ink Shader": false,
    "Use Ink Type": true
}