{
    "Alpha": {
        "b": 0.34117624163627625,
        "g": 0.16470584273338318,
        "r": 0.6901960968971252
    },
    "Bravo": {
        "b": 0.31372547149658203,
        "g": 0.5254902243614197,
        "r": 0.7725489735603333
    },
    "Charlie": {
        "b": 0.1647058129310608,
        "g": 0.7607843279838562,
        "r": 0.5921568870544434
    },
    "Custom Ink Shader": 1,
    "Ink Type": 0,
    "Override Game Calc": false,
    "Use Custom Ink Shader": false,
    "Use Ink Type": true
}