{
    "Alpha": {
        "b": 0.17647066712379456,
        "g": 0.458823561668396,
        "r": 0.7843136787414551
    },
    "Bravo": {
        "b": 0.2862744629383087,
        "g": 0.7411764860153198,
        "r": 0.45098036527633667
    },
    "Charlie": {
        "b": 0.4549018144607544,
        "g": 0.2745097577571869,
        "r": 0.6941177248954773
    },
    "Custom Ink Shader": 1,
    "Ink Type": 0,
    "Override Game Calc": false,
    "Use Custom Ink Shader": false,
    "Use Ink Type": true
}