{
    "Alpha": {
        "b": 0.36078429222106934,
        "g": 0.1647099405527115,
        "r": 0.6705899834632874
    },
    "Bravo": {
        "b": 0.7098038792610168,
        "g": 0.552941083908081,
        "r": 0.282353013753891
    },
    "Charlie": {
        "b": 0.3725490868091583,
        "g": 0.6509804129600525,
        "r": 0.011765686795115471
    },
    "Custom Ink Shader": 1,
    "Ink Type": 0,
    "Override Game Calc": false,
    "Use Custom Ink Shader": false,
    "Use Ink Type": true
}