{
    "Alpha": {
        "b": 0.21176472306251526,
        "g": 0.0039198980666697025,
        "r": 0.37254905700683594
    },
    "Bravo": {
        "b": 0.12549012899398804,
        "g": 0.6039215922355652,
        "r": 0.7843137383460999
    },
    "Charlie": {
        "b": 0.45490196347236633,
        "g": 0.7137255072593689,
        "r": 0.8509804010391235
    },
    "Custom Ink Shader": 1,
    "Ink Type": 0,
    "Override Game Calc": false,
    "Use Custom Ink Shader": false,
    "Use Ink Type": true
}