{
    "Alpha": {
        "b": 0.729411780834198,
        "g": 0.2313726246356964,
        "r": 0.2549021244049072
    },
    "Bravo": {
        "b": 0.07450961321592331,
        "g": 0.6901960968971252,
        "r": 0.7490196228027344
    },
    "Charlie": {
        "b": 0.24313735961914063,
        "g": 0.24313735961914063,
        "r": 0.7529411911964417
    },
    "Custom Ink Shader": 1,
    "Ink Type": 0,
    "Override Game Calc": false,
    "Use Custom Ink Shader": false,
    "Use Ink Type": true
}