{
    "Alpha": {
        "b": 0.21961000561714172,
        "g": 0.32940998673439026,
        "r": 0.6784300208091736
    },
    "Bravo": {
        "b": 0.8000000715255737,
        "g": 0.43529006838798523,
        "r": 0.6039202213287354
    },
    "Charlie": {
        "b": 0.20000004768371582,
        "g": 0.7098000049591064,
        "r": 0.647059977054596
    },
    "Custom Ink Shader": 1,
    "Ink Type": 0,
    "Override Game Calc": false,
    "Use Custom Ink Shader": false,
    "Use Ink Type": true
}