{
    "Alpha": {
        "b": 0.8649068474769592,
        "g": 0.6274067163467407,
        "r": 0.11076632887125015
    },
    "Bravo": {
        "b": 0.1911049336194992,
        "g": 0.1911049336194992,
        "r": 0.7566288113594055
    },
    "Charlie": {
        "b": 0.5079673528671265,
        "g": 0.7520335912704468,
        "r": 0.5119687914848328
    },
    "Custom Ink Shader": 1,
    "Ink Type": 0,
    "Override Game Calc": false,
    "Use Custom Ink Shader": false,
    "Use Ink Type": true
}