{
    "Alpha": {
        "b": 0.572549045085907,
        "g": 0.17254896461963654,
        "r": 0.21960772573947906
    },
    "Bravo": {
        "b": 0.23529411852359772,
        "g": 0.5607843399047852,
        "r": 0.8039215803146362
    },
    "Charlie": {
        "b": 0.13333335518836975,
        "g": 0.43921566009521484,
        "r": 0.22745101153850555
    },
    "Custom Ink Shader": 1,
    "Ink Type": 0,
    "Override Game Calc": false,
    "Use Custom Ink Shader": false,
    "Use Ink Type": true
}