{
    "Alpha": {
        "b": 0.11227067559957504,
        "g": 0.2371453046798706,
        "r": 0.3924478590488434
    },
    "Bravo": {
        "b": 0.11227067559957504,
        "g": 0.2371453046798706,
        "r": 0.3924478590488434
    },
    "Charlie": {
        "b": 0.11227067559957504,
        "g": 0.2371453046798706,
        "r": 0.3924478590488434
    },
    "Custom Ink Shader": 1,
    "Ink Type": 0,
    "Override Game Calc": false,
    "Use Custom Ink Shader": false,
    "Use Ink Type": true
}