{
    "Alpha": {
        "b": 0.19764883816242218,
        "g": 0.7205917835235596,
        "r": 0.2759050726890564
    },
    "Bravo": {
        "b": 0.6463161706924438,
        "g": 0.7155187726020813,
        "r": 0.27714237570762634
    },
    "Charlie": {
        "b": 0.18253225088119507,
        "g": 0.39072591066360474,
        "r": 0.7452561855316162
    },
    "Custom Ink Shader": 1,
    "Ink Type": 0,
    "Override Game Calc": false,
    "Use Custom Ink Shader": false,
    "Use Ink Type": true
}